Name,Category,Price,Currency,Sample sizes,Sample units per size,Source,Description
"Blue Aso Oke Detail T-Shirt","men-t-shirts","25000","NGN","S / M / L / XL","5","Aso oke tshirt/adire-teems-tshirt-blue.png","A sky-blue short-sleeve tee with a bold chest graphic and striped Aso Oke detailing at the hem. Pair it with dark shorts or relaxed trousers for an easy statement look."
"Cream Aso Oke Patch T-Shirt","women-tops","25000","NGN","S / M / L / XL","5","Aso oke tshirt/adire-teems-tshirt-cream-patch.png","A cream crew-neck tee brought to life by a diagonal panel of colourful woven stripes. The relaxed shape pairs naturally with denim or wide-leg trousers."
"Green Aso Oke Detail T-Shirt","women-tops","25000","NGN","S / M / L / XL","5","Aso oke tshirt/adire-teems-tshirt-green.png","A bright green tee with an I Love Lagos graphic and contrasting striped patch details. Wear it with simple dark bottoms to let the colour and playful accents stand out."
"Orange Aso Oke Patch T-Shirt","men-t-shirts","25000","NGN","S / M / L / XL","5","Aso oke tshirt/adire-teems-tshirt-orange-patch.png","An orange short-sleeve tee finished with a striped chest patch in contrasting tones. A lively everyday piece to style with shorts, jeans or relaxed trousers."
"Blue Adire Bubu","women-bubu","45000","NGN","S / M / L / XL","5","Bubu gown/Adire bubu/adire-teems-adire-bubu-blue-front.png | Bubu gown/Adire bubu/adire-teems-adire-bubu-blue-side.png","Blue-and-white Adire stripes frame a bold blue front panel on this relaxed bubu. Its loose silhouette and short sleeves make it an expressive choice for effortless dressing."
"Purple Adire Bubu","women-bubu","45000","NGN","S / M / L / XL","5","Bubu gown/Adire bubu/adire-teems-adire-bubu-purple.front.png | Bubu gown/Adire bubu/adire-teems-adire-bubu-purple-side.png","A purple bubu with colourful motifs and contrasting patterned sleeves. The open, relaxed silhouette brings a cheerful mix of colour and print to your wardrobe."
"Orange Zip-Front Bubu","women-bubu","45000","NGN","S / M / L / XL","5","Bubu gown/chiffon bubu/adire-teems-bubu-orange-zip.png","A full-length orange bubu with dark graphic motifs and a visible front zip detail. The long line and contrasting print make this a striking one-piece look."
"Blue Abstract Chiffon Bubu","women-bubu","45000","NGN","S / M / L / XL","5","Bubu gown/chiffon bubu/adire-teems-chiffon-bubu-blue-abstract.png","A blue chiffon bubu patterned with flowing abstract marks. Draped fabric and a gathered front create a fluid silhouette with plenty of visual texture."
"Blue Motif Chiffon Bubu","women-bubu","45000","NGN","S / M / L / XL","5","Bubu gown/chiffon bubu/adire-teems-chiffon-bubu-blue.png","Deep blue chiffon is scattered with pale circular motifs on this full-length bubu. The loose sleeves and softly gathered waist create an elegant, easy-going outline."
"Burgundy Chiffon Bubu","women-bubu","45000","NGN","S / M / L / XL","5","Bubu gown/chiffon bubu/adire-teems-chiffon-bubu-burgundy.png","A burgundy chiffon bubu with repeating pale medallion motifs. Its flowing length and roomy sleeves make the print the centrepiece of the outfit."
"Grey Chiffon Bubu","women-bubu","45000","NGN","S / M / L / XL","5","Bubu gown/chiffon bubu/adire-teems-chiffon-bubu-grey.png","Muted grey and warm neutral motifs bring a subtle richness to this chiffon bubu. A gathered front gives shape to the loose, flowing silhouette."
"Pink Multicolour Chiffon Bubu","women-bubu","45000","NGN","S / M / L / XL","5","Bubu gown/chiffon bubu/adire-teems-chiffon-bubu-multicolour-pink.png","A vivid pink neckline panel meets an expressive multicolour print on this long chiffon bubu. Wear with understated accessories to keep the bold colour combination in focus."
"Multicolour Chiffon Bubu","women-bubu","45000","NGN","S / M / L / XL","5","Bubu gown/chiffon bubu/adire-teems-chiffon-bubu-multicolour.png","Warm gold, rust and dark patterned sections flow across this full-length chiffon bubu. Generous sleeves and a relaxed cut create a strong, fluid silhouette."
"Mustard Chiffon Bubu","women-bubu","45000","NGN","S / M / L / XL","5","Bubu gown/chiffon bubu/adire-teems-chiffon-bubu-mustard.png","Mustard and burgundy colour blocks are softened by large pale floral motifs. This long chiffon bubu combines a flowing shape with an eye-catching contrast of colour."
"Orange Leaf Chiffon Bubu","women-bubu","45000","NGN","S / M / L / XL","5","Bubu gown/chiffon bubu/adire-teems-chiffon-bubu-orange-leaf.png","An orange chiffon bubu with dark leaf-like motifs and a long, flowing outline. The expressive print gives this easy one-piece style a confident finish."
"Orange Patterned Chiffon Bubu","women-bubu","45000","NGN","S / M / L / XL","5","Bubu gown/chiffon bubu/adire-teems-chiffon-bubu-orange.png","Orange and dark abstract patterns cover this draped chiffon bubu. Gathered fabric at the front creates movement and shape without losing the relaxed silhouette."
"Purple Floral Chiffon Bubu","women-bubu","45000","NGN","S / M / L / XL","5","Bubu gown/chiffon bubu/adire-teems-chiffon-bubu-purple-floral.png","Purple tonal panels and floral motifs give this chiffon bubu a layered, expressive look. The flowing full-length silhouette works beautifully with simple accessories."
"Purple and Gold Chiffon Bubu","women-bubu","45000","NGN","S / M / L / XL","5","Bubu gown/chiffon bubu/adire-teems-chiffon-bubu-purple-gold.png","Gold spiral and star-like motifs stand out against a deep purple background. This full-length chiffon bubu makes a colourful statement with a loose, flowing shape."
"Red and Yellow Chiffon Bubu","women-bubu","45000","NGN","S / M / L / XL","5","Bubu gown/chiffon bubu/adire-teems-chiffon-bubu-red-yellow.png","A red chiffon bubu with bold yellow-and-white geometric accents. Its gathered front and broad sleeves create a striking, fluid shape."
"Red Chiffon Bubu","women-bubu","45000","NGN","S / M / L / XL","5","Bubu gown/chiffon bubu/adire-teems-chiffon-bubu-red.png","A red-and-dark patterned chiffon bubu with a shorter draped silhouette and gathered detail. Style with simple heels or sandals for a polished look."
"Yellow Chiffon Bubu","women-bubu","45000","NGN","S / M / L / XL","5","Bubu gown/chiffon bubu/adire-teems-chiffon-bubu-yellow.png","Bright yellow chiffon is covered with pale spiral motifs in this long bubu. The wide sleeves and flowing shape keep the overall look relaxed and expressive."
"Kids' Green Adire Dress","kids","20000","NGN","2–3 years / 4–5 years / 6–7 years / 8–9 years","5","Childrens wear/adire-teems-kids-adire-dress-green.png","A green sleeveless dress with playful white motifs and a softly gathered shape. An expressive children’s style that pairs easily with sandals."
"Kids' Multicolour Adire Dress","kids","20000","NGN","2–3 years / 4–5 years / 6–7 years / 8–9 years","5","Childrens wear/adire-teems-kids-adire-dress-multicolour.png","A colourful sleeveless dress with pink, yellow and blue patterning and a gently gathered neckline. Its lively print brings a joyful finish to a simple silhouette."
"Kids' Navy and Pink Adire Dress","kids","20000","NGN","2–3 years / 4–5 years / 6–7 years / 8–9 years","5","Childrens wear/adire-teems-kids-adire-dress-navy-pink.jpg.png","A navy patterned dress brightened by a bold pink bow at the waist. The sleeveless, straight shape gives the contrasting colour detail room to shine."
"Kids' Blue Bow Dress","kids","20000","NGN","2–3 years / 4–5 years / 6–7 years / 8–9 years","5","Childrens wear/adire-teems-kids-dress-blue-bow.png","A blue patterned sleeveless dress with a statement waist bow and a gathered skirt. A playful shape for celebrations and colourful everyday outfits."
"Kids' Blue Stripe Adire Dress","kids","20000","NGN","2–3 years / 4–5 years / 6–7 years / 8–9 years","5","Childrens wear/kids-adire-dress-blue-stripe.png","Blue-and-white stripes combine with yellow and green accents on this short dress. A contrasting patterned front band adds a distinctive finishing touch."
"Adire Fabric 01 - Indigo Diagonal","fabrics","12000","NGN","1 yard","5","Fabrics/adire fabrics/1.png","An indigo base with pale diagonal bands and a softly mottled tie-dye pattern. A patterned fabric option for your next dressmaking or creative sewing project. Confirm your required length before ordering."
"Adire Fabric 10 - Blue and Orange Abstract","fabrics","12000","NGN","1 yard","5","Fabrics/adire fabrics/10.png","Vivid blue and orange areas are layered with darker abstract marks. A patterned fabric option for your next dressmaking or creative sewing project. Confirm your required length before ordering."
"Adire Fabric 11 - Blue Narrow Stripe","fabrics","12000","NGN","1 yard","5","Fabrics/adire fabrics/11.png","Alternating deep and pale blue bands form a textured stripe pattern. A patterned fabric option for your next dressmaking or creative sewing project. Confirm your required length before ordering."
"Adire Fabric 12 - Purple and Blue Stripe","fabrics","12000","NGN","1 yard","5","Fabrics/adire fabrics/12.png","Broad purple and bright blue stripes create a strong colour-block effect. A patterned fabric option for your next dressmaking or creative sewing project. Confirm your required length before ordering."
"Adire Fabric 13 - Magenta Square","fabrics","12000","NGN","1 yard","5","Fabrics/adire fabrics/13.png","Magenta squares are outlined by a bold pale lattice. A patterned fabric option for your next dressmaking or creative sewing project. Confirm your required length before ordering."
"Adire Fabric 14 - Blue and Turquoise Block","fabrics","12000","NGN","1 yard","5","Fabrics/adire fabrics/14.png","Turquoise blocks stand out against a bright blue ground. A patterned fabric option for your next dressmaking or creative sewing project. Confirm your required length before ordering."
"Adire Fabric 15 - Navy and White Block","fabrics","12000","NGN","1 yard","5","Fabrics/adire fabrics/15.png","Large pale blocks contrast with a dark navy background. A patterned fabric option for your next dressmaking or creative sewing project. Confirm your required length before ordering."
"Adire Fabric 16 - Indigo Broad Stripe","fabrics","12000","NGN","1 yard","5","Fabrics/adire fabrics/16.png","Bold blue and indigo stripes feature softly irregular edges. A patterned fabric option for your next dressmaking or creative sewing project. Confirm your required length before ordering."
"Adire Fabric 17 - Blue Wave","fabrics","12000","NGN","1 yard","5","Fabrics/adire fabrics/17.png","A bright blue wave-like band flows across a deep indigo base. A patterned fabric option for your next dressmaking or creative sewing project. Confirm your required length before ordering."
"Adire Fabric 18 - Rust and Gold Block","fabrics","12000","NGN","1 yard","5","Fabrics/adire fabrics/18.png","Warm gold blocks create a bold repeat on a rust-coloured base. A patterned fabric option for your next dressmaking or creative sewing project. Confirm your required length before ordering."
"Adire Fabric 19 - Indigo Circle","fabrics","12000","NGN","1 yard","5","Fabrics/adire fabrics/19.png","Textured blue circles repeat against a dark indigo ground. A patterned fabric option for your next dressmaking or creative sewing project. Confirm your required length before ordering."
"Adire Fabric 02 - Indigo Fan","fabrics","12000","NGN","1 yard","5","Fabrics/adire fabrics/2.png","Deep indigo fabric crossed by a broad fan of pale blue-and-white bands. A patterned fabric option for your next dressmaking or creative sewing project. Confirm your required length before ordering."
"Adire Fabric 20 - Black and White Stripe","fabrics","12000","NGN","1 yard","5","Fabrics/adire fabrics/20.png","Wide black and pale stripes create a crisp, graphic repeat. A patterned fabric option for your next dressmaking or creative sewing project. Confirm your required length before ordering."
"Adire Fabric 03 - Blue Fan","fabrics","12000","NGN","1 yard","5","Fabrics/adire fabrics/3.png","A deep blue ground with a sweeping pale fan pattern across the folded fabric. A patterned fabric option for your next dressmaking or creative sewing project. Confirm your required length before ordering."
"Adire Fabric 04 - Indigo Ripple","fabrics","12000","NGN","1 yard","5","Fabrics/adire fabrics/4.png","Pale rippling bands curve across a deep indigo background. A patterned fabric option for your next dressmaking or creative sewing project. Confirm your required length before ordering."
"Adire Fabric 05 - Indigo Rings","fabrics","12000","NGN","1 yard","5","Fabrics/adire fabrics/5.png","Loose pale circular motifs appear across a rich indigo base. A patterned fabric option for your next dressmaking or creative sewing project. Confirm your required length before ordering."
"Adire Fabric 06 - White and Indigo Stripe","fabrics","12000","NGN","1 yard","5","Fabrics/adire fabrics/6.png","Fine indigo bands form a repeated horizontal pattern on a pale background. A patterned fabric option for your next dressmaking or creative sewing project. Confirm your required length before ordering."
"Adire Fabric 07 - Blue Diagonal Bands","fabrics","12000","NGN","1 yard","5","Fabrics/adire fabrics/7.png","A blue ground with diagonal pale bands and softly varied dye effects. A patterned fabric option for your next dressmaking or creative sewing project. Confirm your required length before ordering."
"Adire Fabric 08 - Blue Radiating Bands","fabrics","12000","NGN","1 yard","5","Fabrics/adire fabrics/8.png","Indigo and pale blue radiating bands create a bold contrasting pattern. A patterned fabric option for your next dressmaking or creative sewing project. Confirm your required length before ordering."
"Adire Fabric 09 - Multicolour Crackle","fabrics","12000","NGN","1 yard","5","Fabrics/adire fabrics/9.png","Muted blue, green and yellow tones meet a dark crackle-like pattern. A patterned fabric option for your next dressmaking or creative sewing project. Confirm your required length before ordering."
"Ankara Fabric 3241 - Black and Cream Geometry","fabrics","10000","NGN","1 yard","5","Fabrics/ankara fabrics/IMG_3241.HEIC","Black geometric panels combine stripes, chevrons and angular motifs on a cream background. A patterned fabric option for your next dressmaking or creative sewing project. Confirm your required length before ordering."
"Ankara Fabric 3242 - Blue and Gold Stars","fabrics","10000","NGN","1 yard","5","Fabrics/ankara fabrics/IMG_3242.HEIC","Gold stars and dark outlined shapes scatter across a vivid blue background. A patterned fabric option for your next dressmaking or creative sewing project. Confirm your required length before ordering."
"Ankara Fabric 3243 - Multicolour Waves","fabrics","10000","NGN","1 yard","5","Fabrics/ankara fabrics/IMG_3243.HEIC","Rows of red, green and yellow wavy motifs repeat against a dark ground. A patterned fabric option for your next dressmaking or creative sewing project. Confirm your required length before ordering."
"Ankara Fabric 3244 - Bright Stripe","fabrics","10000","NGN","1 yard","5","Fabrics/ankara fabrics/IMG_3244.HEIC","Bright yellow, blue and pink stripes stand out against a dark base. A patterned fabric option for your next dressmaking or creative sewing project. Confirm your required length before ordering."
"Ankara Fabric 3246 - Dark Blue Motif","fabrics","10000","NGN","1 yard","5","Fabrics/ankara fabrics/IMG_3246.HEIC","Small pale blue circular and floral-like motifs run in narrow vertical rows. A patterned fabric option for your next dressmaking or creative sewing project. Confirm your required length before ordering."
"Ankara Fabric 3247 - Black and White Cross","fabrics","10000","NGN","1 yard","5","Fabrics/ankara fabrics/IMG_3247.HEIC","Large pale cross-like motifs create a bold repeat on a black ground. A patterned fabric option for your next dressmaking or creative sewing project. Confirm your required length before ordering."
"Ankara Fabric 3248 - Yellow and Pink Chevron","fabrics","10000","NGN","1 yard","5","Fabrics/ankara fabrics/IMG_3248.HEIC","Small yellow-and-pink chevron-like marks form a dense repeat over a dark ground. A patterned fabric option for your next dressmaking or creative sewing project. Confirm your required length before ordering."
"Ankara Fabric 3249 - Blue Geometric","fabrics","10000","NGN","1 yard","5","Fabrics/ankara fabrics/IMG_3249.HEIC","Pale angular motifs run across contrasting dark and bright blue sections. A patterned fabric option for your next dressmaking or creative sewing project. Confirm your required length before ordering."
"Ankara Fabric 3250 - Gold Geometric Patchwork","fabrics","10000","NGN","1 yard","5","Fabrics/ankara fabrics/IMG_3250.HEIC","Gold, orange, cream and dark geometric panels form a lively patchwork-style print. A patterned fabric option for your next dressmaking or creative sewing project. Confirm your required length before ordering."
"Ankara Fabric 3251 - Pink Geometric Patchwork","fabrics","10000","NGN","1 yard","5","Fabrics/ankara fabrics/IMG_3251.HEIC","Pink accents brighten a patchwork-style arrangement of monochrome geometric panels. A patterned fabric option for your next dressmaking or creative sewing project. Confirm your required length before ordering."
"Ankara Fabric 3253 - Mint and Dark Green Geometry","fabrics","10000","NGN","1 yard","5","Fabrics/ankara fabrics/IMG_3253.HEIC","Mint and dark green interlocking shapes create a bold repeated pattern. A patterned fabric option for your next dressmaking or creative sewing project. Confirm your required length before ordering."
"Ankara Fabric 3254 - Blue Linear Motif","fabrics","10000","NGN","1 yard","5","Fabrics/ankara fabrics/IMG_3254.HEIC","Fine pale lines, dots and angular motifs are arranged over a deep blue base. A patterned fabric option for your next dressmaking or creative sewing project. Confirm your required length before ordering."
"Ankara Fabric 3255 - Monochrome Cross","fabrics","10000","NGN","1 yard","5","Fabrics/ankara fabrics/IMG_3255.HEIC","A black-and-pale cross motif repeats across the fabric in a striking graphic arrangement. A patterned fabric option for your next dressmaking or creative sewing project. Confirm your required length before ordering."
"Ankara Fabric 3256 - Teal and Magenta Bands","fabrics","10000","NGN","1 yard","5","Fabrics/ankara fabrics/IMG_3256.HEIC","Teal, magenta and pale geometric bands form a detailed repeated stripe pattern. A patterned fabric option for your next dressmaking or creative sewing project. Confirm your required length before ordering."
"Ankara Fabric 3257 - Royal Blue Geometry","fabrics","10000","NGN","1 yard","5","Fabrics/ankara fabrics/IMG_3257.HEIC","White angular motifs and small dotted shapes create a strong contrast on royal blue. A patterned fabric option for your next dressmaking or creative sewing project. Confirm your required length before ordering."
"Ankara Fabric 3258 - Multicolour Motif Blocks","fabrics","10000","NGN","1 yard","5","Fabrics/ankara fabrics/IMG_3258.HEIC","Blue, red, purple and green blocks are layered with pale graphic motifs. A patterned fabric option for your next dressmaking or creative sewing project. Confirm your required length before ordering."
"Ankara Fabric 3259 - Mustard Motif Stripe","fabrics","10000","NGN","1 yard","5","Fabrics/ankara fabrics/IMG_3259.HEIC","Mustard panels combine small dark motifs with contrasting patterned stripes. A patterned fabric option for your next dressmaking or creative sewing project. Confirm your required length before ordering."
"Ankara Fabric 3260 - Multicolour Geometric Stripe","fabrics","10000","NGN","1 yard","5","Fabrics/ankara fabrics/IMG_3260.HEIC","Teal and magenta geometric bands alternate with finely patterned dark stripes. A patterned fabric option for your next dressmaking or creative sewing project. Confirm your required length before ordering."
"Ankara Fabric 3261 - Green and Mint Repeat","fabrics","10000","NGN","1 yard","5","Fabrics/ankara fabrics/IMG_3261.HEIC","Dark green and mint angular shapes create an eye-catching interlocking repeat. A patterned fabric option for your next dressmaking or creative sewing project. Confirm your required length before ordering."
"Ankara Fabric 3262 - Yellow and Green Blocks","fabrics","10000","NGN","1 yard","5","Fabrics/ankara fabrics/IMG_3262.HEIC","Yellow, green, rust and dark panels are covered with contrasting pale motifs. A patterned fabric option for your next dressmaking or creative sewing project. Confirm your required length before ordering."
"Ankara Fabric 3263 - Pink Circular Motif","fabrics","10000","NGN","1 yard","5","Fabrics/ankara fabrics/IMG_3263.HEIC","Large pale circular motifs stand out against a vivid pink background. A patterned fabric option for your next dressmaking or creative sewing project. Confirm your required length before ordering."
"Black Embroidered Adire Jacket","men-jackets","65000","NGN","S / M / L / XL","5","Jacket/adire-jacket-black-embroidered.jpg.png","A black jacket decorated with bold red, green and gold embroidered shapes. Its collarless neckline and front opening let the expressive detailing take centre stage."
"Blue Beaded Adire Jacket","men-jackets","65000","NGN","S / M / L / XL","5","Jacket/adire-jacket-blue-beaded-front.jpg.png | Jacket/adire-jacket-blue-beaded-side.jpg.png","A deep blue jacket with colourful beaded motifs, fine lines and a collarless neckline. Wear it over a simple base to highlight the detailed front panels."
"Bright Blue Beaded Adire Jacket","men-jackets","65000","NGN","S / M / L / XL","5","Jacket/adire-jacket-bright-blue-beaded-front.jpg.png | Jacket/adire-jacket-bright-blue-beaded-side.jpg.png","A bright blue jacket with geometric beading and contrasting vertical details. The collarless front gives this statement piece a clean, structured look."
"Maroon Beaded Adire Jacket","men-jackets","65000","NGN","S / M / L / XL","5","Jacket/adire-jacket-maroon-beaded-front.jpg.png | Jacket/adire-jacket-maroon-beaded-side.jpg.png","A maroon jacket with delicate geometric lines and small contrasting beaded accents. Pair the clean, collarless silhouette with dark trousers for a coordinated finish."
"Maroon Embroidered Adire Jacket","men-jackets","65000","NGN","S / M / L / XL","5","Jacket/adire-jacket-maroon-embroidered-front.jpg.png | Jacket/adire-jacket-maroon-embroidered-side.jpg.png","Large multicolour embroidered shapes stand out across this maroon jacket. Its simple collarless shape provides a strong canvas for the expressive surface details."
"Abstract Print Jumpsuit","women-jumpsuits","50000","NGN","S / M / L / XL","5","Jumpsuit/adire-teems-jumpsuit-abstract.jpg.png","A short-sleeve jumpsuit with an energetic abstract print and contrasting vertical panels. The wide legs create a long, striking silhouette."
"Women's Green Print Jumpsuit","women-jumpsuits","50000","NGN","S / M / L / XL","5","Jumpsuit/adire-teems-jumpsuit-green-women.jpg.png","Green, white and dark patterned sections combine in this wide-leg jumpsuit. A simple neckline and short sleeves keep the colourful print in focus."
"Pink Kaftan Jumpsuit","women-jumpsuits","50000","NGN","S / M / L / XL","5","Jumpsuit/adire-teems-jumpsuit-kaftan-pink-women.jpg.png | Jumpsuit/adire-teems-jumpsuit-kaftan-pink-women-side.jpg.png","A pink kaftan-style jumpsuit with oversized pale motifs and a flowing silhouette. Broad sleeves and generous draping give the piece an expressive, relaxed presence."
"Women's Multicolour Jumpsuit","women-jumpsuits","50000","NGN","S / M / L / XL","5","Jumpsuit/adire-teems-jumpsuit-multicolour-women.jpg.png","A wide-leg jumpsuit with mixed blue-green motifs and contrasting patterned panels. The short sleeves and simple neckline balance the bold print."
"Black Lattice Adire Basket Kimono","women-kimono","55000","NGN","S / M / L / XL","5","Kimono/adire kimono/adire-basket-kimono-black-lattice.women.png","A black-and-white lattice-patterned kimono with bright accents along the trim. Layer the open-front silhouette over a simple top and trousers."
"Blue Adire Kimono","women-kimono","55000","NGN","S / M / L / XL","5","Kimono/adire kimono/adire-teems-adire-kimono-blue.women.png","A blue Adire kimono with contrasting stripes and graphic white motifs. Wide sleeves and an open front make it a striking layering piece."
"Multicolour Adire Kimono","women-kimono","55000","NGN","S / M / L / XL","5","Kimono/adire kimono/adire-teems-adire-kimono-multicolour.women.png","A patchwork-style arrangement of bold colours and patterns defines this Adire kimono. Its roomy sleeves and open front work well over understated separates."
"Brown Akwete and Aso Oke Kimono","women-kimono","55000","NGN","S / M / L / XL","5","Kimono/akwete kimono/edited/adire-teems-akwete-asooke-kimono-brown.png","A brown kimono with colourful patterned panels through the front and sides. The wide sleeves and open silhouette showcase the contrasting Akwete and Aso Oke details."
"Purple Akwete and Aso Oke Kimono","women-kimono","55000","NGN","S / M / L / XL","5","Kimono/akwete kimono/edited/adire-teems-akwete-asooke-kimono-purple.png","Purple accents frame monochrome patterned panels on this wide-sleeve kimono. The open front adds an easy layer of colour and texture to simple outfits."
"Green and Pink Ankara Aso Oke Kimono","women-kimono","55000","NGN","S / M / L / XL","5","Kimono/ankara kimono/ankara-asooke-kimono-green-pink.png","Bright green patterned panels meet bold pink borders on this open-front kimono. Its broad sleeves and contrasting trim create a cheerful statement layer."
"Blue Fringe Aso Oke Kimono","women-kimono","55000","NGN","S / M / L / XL","5","Kimono/aso oke kimono/adire-teems-asooke-kimono-blue-fringe.png","A vivid blue Aso Oke kimono with textured stripes and fringe at the sleeves and hem. The long, open-front shape lets the fabric and fringe take the spotlight."
"Magenta Aso Oke Kimono","women-kimono","55000","NGN","S / M / L / XL","5","Kimono/aso oke kimono/adire-teems-asooke-kimono-magenta.png","Magenta striped panels form a clean, open-front kimono with wide short sleeves. Pair with a dark base for a simple outfit with a strong colour accent."
"Multicolour Damask Kimono","women-kimono","55000","NGN","S / M / L / XL","5","Kimono/damask kimono/adire-teems-damask-multicolor-women.png","A multicolour damask kimono with contrasting patchwork-style panels and a bold front border. The relaxed open shape brings texture and colour to layered outfits."
"Pink Damask and Aso Oke Kimono","women-kimono","55000","NGN","S / M / L / XL","5","Kimono/damask kimono/damask-aso-oke-kimono-pink.png","Pink-and-gold patterned panels are edged with bold striped borders on this kimono. Its wide sleeves and open front create an expressive occasion-ready layer."
"Blue Damask Kimono","women-kimono","55000","NGN","S / M / L / XL","5","Kimono/damask kimono/damask-kimono-blue.png","Rich blue damask panels meet contrasting purple-and-gold striped borders. A wide-sleeve, open-front silhouette keeps the focus on the textured colour combination."
"Blue Linen Kimono","women-kimono","55000","NGN","S / M / L / XL","5","Kimono/linen kimono/linen-kimono-blue-women-adire-teems.png","A tonal blue linen kimono with contrasting patterned panels and a long open front. Layer it over dark separates for a coordinated, understated look."
"Black Mikado Kimono","women-kimono","55000","NGN","S / M / L / XL","5","Kimono/micado kimono/mikado-black-kimono-women.png","A black Mikado kimono with red floral motifs and bold red front and sleeve accents. The long silhouette makes a striking layer over simple separates."
"Green Mikado Kimono","women-kimono","55000","NGN","S / M / L / XL","5","Kimono/micado kimono/mikado-kimono-green-adire-teems.png","A green Mikado kimono with tonal patterning and an open-front shape. Its loose sleeves and long line create an elegant layer with a rich colour finish."
"Men's Beige Face-Print Two-Piece Set","men-two-piece","60000","NGN","S / M / L / XL","5","Male 2 piece/adire-teems-2-piece-beige-face-men.jpg.png","A beige two-piece set featuring a jacket-style top with bold face-inspired panels and red accents. Coordinating trousers complete the graphic, head-to-toe look."
"Men's Beige Two-Piece Set","men-two-piece","60000","NGN","S / M / L / XL","5","Male 2 piece/adire-teems-2-piece-beige-men.jpg.png","A beige long-sleeve tunic and trouser set with contrasting striped detailing at the chest. The clean lines make this an easy coordinated outfit."
"Men's Beige V-Neck Two-Piece Set","men-two-piece","60000","NGN","S / M / L / XL","5","Male 2 piece/adire-teems-2-piece-beige-vneck.men.jpg.png","A beige two-piece set with a contrasting V-neck trim and matching trousers. The long-sleeve top keeps the silhouette simple and composed."
"Men's Green Two-Piece Set","men-two-piece","60000","NGN","S / M / L / XL","5","Male 2 piece/adire-teems-2-piece-green-men.jpg.png","A green patterned short-sleeve shirt and trouser set with contrasting dark collar details. The coordinated print gives this outfit a confident, expressive finish."
"Men's Green and Yellow Two-Piece Set","men-two-piece","60000","NGN","S / M / L / XL","5","Male 2 piece/adire-teems-2-piece-green-yellow-men.jpg.png","Green-and-yellow patchwork-style patterning runs across a short-sleeve shirt and matching trousers. Wear the set together for a bold colour statement."
"Men's Grey Print Two-Piece Set","men-two-piece","60000","NGN","S / M / L / XL","5","Male 2 piece/adire-teems-2-piece-grey-print-men.jpg.png","A grey long-sleeve top with patterned chest accents is paired with boldly printed trousers. The mix of plain and patterned sections gives the set a distinctive balance."
"Men's Purple Two-Piece Set","men-two-piece","60000","NGN","S / M / L / XL","5","Male 2 piece/adire-teems-2-piece-purple-men.jpg.png","A purple short-sleeve top and matching trousers create a clean monochrome outfit. Subtle front detailing adds interest while keeping the colour in focus."
"Men's Teal Two-Piece Set","men-two-piece","60000","NGN","S / M / L / XL","5","Male 2 piece/adire-teems-2-piece-teal-men.jpg.png","A teal short-sleeve shirt and trouser set with oversized pale motifs. The coordinated pattern makes a lively, confident head-to-toe look."
"Women's Green Chiffon Two-Piece Set","women-two-piece","55000","NGN","S / M / L / XL","5","Womens 2 piece/adire-teems-chiffon-2-piece-set-green.jpg.png | Womens 2 piece/adire-teems-chiffon-2-piece-set-green-side.jpg.png","A green patterned chiffon top and wide-leg trouser set with contrasting dark and pale motifs. The flowing shapes create a coordinated outfit with plenty of movement."
"Women's Mustard Cotton Two-Piece Set","women-two-piece","55000","NGN","S / M / L / XL","5","Womens 2 piece/adire-teems-cotton-2-piece-mustard.jpg.png | Womens 2 piece/adire-teems-cotton-2-piece-mustard-side.jpg.png","A mustard cotton two-piece set with bold contrasting floral and abstract panels. Its relaxed top and wide-leg trousers create an expressive coordinated look."
"Women's Maroon Soft Cotton Two-Piece Set","women-two-piece","55000","NGN","S / M / L / XL","5","Womens 2 piece/adire-teems-womens-maroon-soft-cotton-2-piece-set-front.jpg.png | Womens 2 piece/adire-teems-womens-maroon-soft-cotton-2-piece-set-sidejpg.png","A maroon soft cotton top and wide-leg trouser set with an all-over small-scale print. The loose top and gathered waist create a relaxed, flowing outline."